0,1,2,3,4,5,6,7,8,9,10,11,12,13,14,15,16,17,18,19,20,21,22,23,24,25,26,27,target
-1.510631445907775,-1.227596243041725,-1.4153985998585692,0.35274004611958243,-0.9081532183729996,0.0,1.0,0.0,0.0,0.0,1.0,1.0,0.0,0.0,0.0,1.0,1.0,0.0,1.0,0.0,0.0,1.0,0.0,0.0,0.0,0.0,0.0,1.0,1
-0.7290582706369815,-0.10554855381690986,-0.06340885277698649,1.3459213473413119,-0.7407124687354778,0.0,1.0,0.0,1.0,0.0,0.0,1.0,0.0,0.0,0.0,1.0,1.0,0.0,0.0,1.0,0.0,1.0,0.0,0.0,0.0,1.0,0.0,0.0,0
-0.05913840611915847,0.006656215105571668,0.7329686694765485,0.3978846507205701,-0.9081532183729996,1.0,0.0,0.0,1.0,0.0,0.0,0.0,1.0,0.0,0.0,1.0,0.0,1.0,1.0,0.0,0.0,0.0,1.0,0.0,0.0,1.0,0.0,0.0,0
-1.510631445907775,0.17496336848929397,-0.8412659675362533,-0.8210196735060978,-0.9081532183729996,0.0,1.0,0.0,1.0,0.0,0.0,1.0,0.0,1.0,0.0,0.0,1.0,0.0,0.0,1.0,0.0,1.0,0.0,0.0,0.0,0.0,1.0,0.0,0
0.38747483689272355,1.0164991354079054,0.3996013345797199,-1.7690563701268396,-0.23839021982291236,0.0,1.0,0.0,0.0,0.0,1.0,1.0,0.0,0.0,0.0,1.0,0.0,1.0,1.0,0.0,0.0,1.0,0.0,0.0,0.0,0.0,0.0,1.0,1
-1.6222847566607455,0.4554752907954978,-0.9153475975133263,1.2556321381393365,0.26393202908965296,0.0,1.0,1.0,0.0,0.0,0.0,1.0,0.0,1.0,0.0,0.0,0.0,1.0,1.0,0.0,0.0,1.0,0.0,0.0,0.0,0.0,0.0,1.0,0
0.275821526139753,1.0164991354079054,0.5107237795453294,-1.7239117655258518,-0.40583096946043423,0.0,1.0,0.0,0.0,0.0,1.0,1.0,0.0,0.0,0.0,1.0,0.0,1.0,0.0,1.0,0.0,0.0,1.0,0.0,0.0,0.0,1.0,0.0,1
0.4991281476456941,1.0164991354079054,-0.6745823000878389,0.3075954415185947,0.4313727787271749,0.0,1.0,0.0,0.0,1.0,0.0,0.0,1.0,1.0,0.0,0.0,1.0,0.0,1.0,0.0,0.0,1.0,0.0,0.0,0.0,1.0,0.0,0.0,0
0.6107814583986646,-0.6665723984293175,-1.3042761548929596,-2.446225439141655,-0.9081532183729996,1.0,0.0,0.0,0.0,1.0,0.0,0.0,1.0,1.0,0.0,0.0,1.0,0.0,1.0,0.0,0.0,1.0,0.0,0.0,0.0,1.0,0.0,0.0,0
-0.05913840611915847,-0.5543676295068359,0.695927854488012,-1.543333347121901,1.7708987758273496,0.0,1.0,0.0,0.0,0.0,1.0,1.0,0.0,0.0,0.0,1.0,0.0,1.0,0.0,1.0,0.0,0.0,0.0,1.0,0.0,1.0,0.0,0.0,1
1.2807013229164876,1.577522980020313,-0.37825578017954686,-0.5501520459001716,1.017415402458501,0.0,1.0,0.0,0.0,0.0,1.0,1.0,0.0,0.0,0.0,1.0,1.0,0.0,1.0,0.0,0.0,1.0,0.0,0.0,0.0,0.0,1.0,0.0,0
0.7224347691516351,0.9042943664854239,-0.8412659675362533,0.4881738599225455,-0.9081532183729996,0.0,1.0,0.0,0.0,0.0,1.0,1.0,0.0,1.0,0.0,0.0,1.0,0.0,1.0,0.0,0.0,0.0,1.0,0.0,0.0,0.0,0.0,1.0,1
-0.39409833837806996,-1.227596243041725,-1.3598373773757644,-1.2273211149149872,-0.40583096946043423,0.0,1.0,0.0,0.0,1.0,0.0,1.0,0.0,1.0,0.0,0.0,1.0,0.0,1.0,0.0,0.0,1.0,0.0,0.0,0.0,1.0,0.0,0.0,0
1.5040079444224286,-0.778777167351799,0.5292441870395977,0.0367278139126685,-0.07094947018539059,0.0,1.0,0.0,0.0,1.0,0.0,1.0,0.0,1.0,0.0,0.0,1.0,0.0,1.0,0.0,0.0,0.0,1.0,0.0,0.0,0.0,0.0,1.0,0
-0.840711581389952,-1.3398010119642068,-0.100449667765523,0.0818724185136562,-0.9081532183729996,0.0,1.0,0.0,0.0,1.0,0.0,1.0,0.0,1.0,0.0,0.0,1.0,0.0,1.0,0.0,0.0,1.0,0.0,0.0,0.0,1.0,0.0,0.0,1
-0.840711581389952,-1.227596243041725,0.4922033720510612,-1.4530441379199257,-0.07094947018539059,0.0,1.0,0.0,0.0,0.0,1.0,1.0,0.0,0.0,0.0,1.0,0.0,1.0,0.0,1.0,0.0,0.0,1.0,0.0,0.0,1.0,0.0,0.0,1
-1.064018202895893,-0.10554855381690986,-0.2671333352139373,1.1201983243363733,-0.40583096946043423,1.0,0.0,0.0,1.0,0.0,0.0,1.0,0.0,0.0,0.0,1.0,1.0,0.0,0.0,1.0,0.0,1.0,0.0,0.0,0.0,1.0,0.0,0.0,0
1.1690480121635172,0.4554752907954978,3.1221012362371536,0.3075954415185947,-0.23839021982291236,1.0,0.0,0.0,0.0,1.0,0.0,0.0,1.0,0.0,0.0,1.0,1.0,0.0,1.0,0.0,0.0,0.0,1.0,0.0,0.0,1.0,0.0,0.0,0
-0.05913840611915847,-1.3398010119642068,1.121897226856182,0.262450836917607,-0.9081532183729996,0.0,1.0,0.0,1.0,0.0,0.0,1.0,0.0,1.0,0.0,0.0,1.0,0.0,1.0,0.0,0.0,1.0,0.0,0.0,0.0,0.0,0.0,1.0,0
-1.064018202895893,-1.5642105498091698,-0.7486639300649119,-0.0987059998902946,1.6034580261898275,0.0,1.0,0.0,0.0,0.0,1.0,1.0,0.0,0.0,0.0,1.0,0.0,1.0,0.0,1.0,0.0,1.0,0.0,0.0,0.0,1.0,0.0,0.0,0
-0.39409833837806996,-1.7886200876541327,-0.4893782251451564,-0.3244290228952331,0.09649127945213118,0.0,1.0,0.0,0.0,1.0,0.0,1.0,0.0,1.0,0.0,0.0,0.0,1.0,0.0,1.0,0.0,1.0,0.0,0.0,0.0,1.0,0.0,0.0,0
0.4991281476456941,-1.227596243041725,-0.17453129774259601,-0.3695736274962208,0.09649127945213118,0.0,1.0,0.0,0.0,0.0,1.0,1.0,0.0,0.0,0.0,1.0,0.0,1.0,0.0,1.0,0.0,0.0,1.0,0.0,0.0,0.0,0.0,1.0,1
-0.39409833837806996,0.4554752907954978,0.918172744419231,-1.2724657195159748,2.6081025240149587,0.0,1.0,0.0,0.0,0.0,1.0,1.0,0.0,1.0,0.0,0.0,0.0,1.0,0.0,1.0,0.0,0.0,0.0,0.0,1.0,0.0,0.0,1.0,1
-0.05913840611915847,-0.44216286058435444,0.3255197046026469,-1.859345579328815,0.9336950276397403,0.0,1.0,0.0,0.0,0.0,1.0,1.0,0.0,0.0,0.0,1.0,0.0,1.0,0.0,1.0,0.0,0.0,1.0,0.0,0.0,0.0,0.0,1.0,1
0.38747483689272355,-1.1153914741192437,-0.34121496519101036,0.6687522783264963,1.184856152096023,0.0,1.0,0.0,0.0,1.0,0.0,1.0,0.0,0.0,0.0,1.0,1.0,0.0,0.0,1.0,0.0,0.0,1.0,0.0,0.0,0.0,0.0,1.0,1
-0.617404959884011,0.1188609840280532,0.41812174207398817,0.5333184645235333,-0.9081532183729996,1.0,0.0,0.0,1.0,0.0,0.0,1.0,0.0,1.0,0.0,0.0,1.0,0.0,0.0,1.0,0.0,1.0,0.0,0.0,0.0,1.0,0.0,0.0,0
0.275821526139753,1.0164991354079054,-1.4894802298356422,1.0750537197353855,0.4313727787271749,0.0,1.0,0.0,0.0,1.0,0.0,1.0,0.0,1.0,0.0,0.0,1.0,0.0,1.0,0.0,0.0,1.0,0.0,0.0,0.0,1.0,0.0,0.0,0
1.392354633669458,-0.38606047612311367,0.10327481467142781,0.578463069124521,-0.7407124687354778,0.0,1.0,0.0,0.0,0.0,1.0,0.0,1.0,1.0,0.0,0.0,1.0,0.0,0.0,1.0,0.0,0.0,0.0,1.0,0.0,0.0,0.0,1.0,1
0.4991281476456941,0.17496336848929397,-0.2671333352139373,0.4881738599225455,-0.4895513442791951,0.0,1.0,0.0,0.0,0.0,1.0,1.0,0.0,1.0,0.0,0.0,1.0,0.0,0.0,1.0,0.0,1.0,0.0,0.0,0.0,0.0,0.0,1.0,0
-1.1756715136488636,-1.1153914741192437,0.770009484465085,0.1270170231146439,-0.9081532183729996,0.0,1.0,0.0,0.0,0.0,1.0,1.0,0.0,0.0,0.0,1.0,1.0,0.0,1.0,0.0,0.0,0.0,1.0,0.0,0.0,1.0,0.0,0.0,1
0.05251490463381203,-0.10554855381690986,0.2514380746255739,0.2173062323166193,-0.9081532183729996,0.0,1.0,0.0,1.0,0.0,0.0,1.0,0.0,1.0,0.0,0.0,1.0,0.0,1.0,0.0,0.0,1.0,0.0,0.0,0.0,1.0,0.0,0.0,0
-1.287324824401834,-1.227596243041725,-0.6931027075821072,0.4881738599225455,-0.9081532183729996,0.0,1.0,0.0,0.0,0.0,1.0,1.0,0.0,1.0,0.0,0.0,1.0,0.0,1.0,0.0,0.0,1.0,0.0,0.0,0.0,0.0,0.0,1.0,0
-0.9523648921429225,-1.508108165347929,-0.822745560041985,0.9847645105334102,-0.9081532183729996,1.0,0.0,0.0,1.0,0.0,0.0,1.0,0.0,1.0,0.0,0.0,1.0,0.0,1.0,0.0,0.0,1.0,0.0,0.0,0.0,1.0,0.0,0.0,0
-1.510631445907775,-1.1153914741192437,0.3625605195911834,0.9847645105334102,-0.9081532183729996,1.0,0.0,0.0,0.0,1.0,0.0,1.0,0.0,0.0,0.0,1.0,0.0,1.0,1.0,0.0,0.0,1.0,0.0,0.0,0.0,1.0,0.0,0.0,0
-0.9523648921429225,-0.6665723984293175,0.010672777200086532,-0.2792844182942454,-0.23839021982291236,0.0,1.0,0.0,0.0,0.0,1.0,1.0,0.0,0.0,0.0,1.0,1.0,0.0,1.0,0.0,0.0,1.0,0.0,0.0,0.0,0.0,0.0,1.0,1
0.38747483689272355,-0.6665723984293175,0.6588870394994755,0.4430292553215578,0.5988135283646967,0.0,1.0,0.0,1.0,0.0,0.0,1.0,0.0,0.0,0.0,1.0,1.0,0.0,0.0,1.0,0.0,1.0,0.0,0.0,0.0,1.0,0.0,0.0,1
0.9457413906575761,1.0164991354079054,2.9368971612944708,0.17216162771563162,2.440661774377437,1.0,0.0,0.0,0.0,0.0,1.0,1.0,0.0,0.0,0.0,1.0,1.0,0.0,0.0,1.0,0.0,0.0,0.0,0.0,1.0,0.0,0.0,1.0,1
0.9457413906575761,-0.10554855381690986,0.10327481467142781,-0.1438506044912823,0.26393202908965296,0.0,1.0,0.0,0.0,0.0,1.0,1.0,0.0,0.0,0.0,1.0,1.0,0.0,0.0,1.0,0.0,0.0,1.0,0.0,0.0,0.0,0.0,1.0,1
1.1690480121635172,1.0164991354079054,-0.4338170026623516,-1.6336225563238764,-0.07094947018539059,1.0,0.0,0.0,0.0,0.0,1.0,1.0,0.0,0.0,0.0,1.0,1.0,0.0,0.0,1.0,0.0,0.0,0.0,0.0,1.0,0.0,0.0,1.0,1
0.16416821538678253,-0.10554855381690986,-0.5078986326394246,0.578463069124521,-0.9081532183729996,0.0,1.0,0.0,1.0,0.0,0.0,1.0,0.0,0.0,0.0,1.0,1.0,0.0,1.0,0.0,0.0,1.0,0.0,0.0,0.0,0.0,0.0,1.0,0
-2.180551310425598,-0.6665723984293175,-0.9338680050075945,-0.9113088827080732,0.4313727787271749,0.0,1.0,0.0,0.0,0.0,1.0,1.0,0.0,1.0,0.0,0.0,0.0,1.0,0.0,1.0,0.0,1.0,0.0,0.0,0.0,0.0,0.0,1.0,1
1.7273145659283695,1.577522980020313,0.38108092708545166,-1.7239117655258518,1.5197376513710665,0.0,1.0,0.0,0.0,1.0,0.0,1.0,0.0,1.0,0.0,0.0,0.0,1.0,0.0,1.0,0.0,0.0,1.0,0.0,0.0,0.0,0.0,1.0,1
0.4991281476456941,0.4554752907954978,-1.322796562387228,0.5333184645235333,-0.9081532183729996,0.0,1.0,0.0,0.0,0.0,1.0,1.0,0.0,1.0,0.0,0.0,0.0,1.0,1.0,0.0,0.0,0.0,1.0,0.0,0.0,0.0,0.0,1.0,1
-1.064018202895893,0.5676800597179793,1.121897226856182,-0.1438506044912823,-0.9081532183729996,0.0,1.0,0.0,0.0,0.0,1.0,1.0,0.0,0.0,0.0,1.0,0.0,1.0,0.0,1.0,0.0,0.0,0.0,0.0,1.0,0.0,0.0,1.0,1
-1.1756715136488636,-0.6665723984293175,-0.5264190401336929,0.8944753013314348,-0.9081532183729996,0.0,1.0,0.0,1.0,0.0,0.0,1.0,0.0,1.0,0.0,0.0,1.0,0.0,1.0,0.0,0.0,1.0,0.0,0.0,0.0,1.0,0.0,0.0,0
-0.2824450276250995,-0.21775332273939138,0.12179522216569606,0.4881738599225455,-0.9081532183729996,0.0,1.0,0.0,0.0,0.0,1.0,1.0,0.0,1.0,0.0,0.0,0.0,1.0,1.0,0.0,0.0,0.0,1.0,0.0,0.0,0.0,0.0,1.0,1
-0.39409833837806996,0.4554752907954978,1.1033768193619136,-0.3695736274962208,0.3476524039084139,1.0,0.0,0.0,0.0,1.0,0.0,1.0,0.0,0.0,0.0,1.0,1.0,0.0,1.0,0.0,0.0,0.0,1.0,0.0,0.0,1.0,0.0,0.0,0
-0.05913840611915847,3.3727992827800177,0.6403666320052073,2.023090416356127,-0.9081532183729996,0.0,1.0,0.0,1.0,0.0,0.0,1.0,0.0,0.0,0.0,1.0,1.0,0.0,1.0,0.0,0.0,0.0,1.0,0.0,0.0,0.0,0.0,1.0,1
-2.8504711749434213,-0.10554855381690986,-0.822745560041985,2.339102648563041,-0.9081532183729996,0.0,1.0,0.0,1.0,0.0,0.0,1.0,0.0,0.0,0.0,1.0,1.0,0.0,1.0,0.0,0.0,1.0,0.0,0.0,0.0,1.0,0.0,0.0,0
-1.287324824401834,-0.5543676295068359,-0.6560618925935707,0.6687522783264963,-0.7407124687354778,1.0,0.0,0.0,0.0,1.0,0.0,1.0,0.0,1.0,0.0,0.0,1.0,0.0,0.0,1.0,0.0,1.0,0.0,0.0,0.0,1.0,0.0,0.0,0
0.275821526139753,-1.227596243041725,-0.8783067825247898,-1.091887301112024,0.3476524039084139,0.0,1.0,0.0,0.0,0.0,1.0,1.0,0.0,1.0,0.0,0.0,0.0,1.0,0.0,1.0,0.0,1.0,0.0,0.0,0.0,0.0,1.0,0.0,0
-1.064018202895893,-1.1153914741192437,-1.6376434897897882,-0.5501520459001716,-0.9081532183729996,1.0,0.0,0.0,1.0,0.0,0.0,1.0,0.0,1.0,0.0,0.0,1.0,0.0,0.0,1.0,0.0,1.0,0.0,0.0,0.0,1.0,0.0,0.0,0
-1.064018202895893,0.34327052187301627,-0.2300925202254008,0.0818724185136562,-0.7407124687354778,1.0,0.0,0.0,0.0,0.0,1.0,1.0,0.0,0.0,0.0,1.0,0.0,1.0,0.0,1.0,0.0,1.0,0.0,0.0,0.0,1.0,0.0,0.0,0
-0.17079171687212896,-0.10554855381690986,-0.9523884125018628,0.0818724185136562,0.09649127945213118,0.0,1.0,0.0,0.0,1.0,0.0,0.0,1.0,0.0,0.0,1.0,1.0,0.0,0.0,0.0,1.0,1.0,0.0,0.0,0.0,1.0,0.0,0.0,0
0.4991281476456941,2.1385468246327206,0.7329686694765485,0.3978846507205701,-0.7407124687354778,0.0,1.0,1.0,0.0,0.0,0.0,1.0,0.0,0.0,0.0,1.0,1.0,0.0,0.0,1.0,0.0,1.0,0.0,0.0,0.0,0.0,0.0,1.0,1
0.4991281476456941,-0.3299580916618729,-0.5634598551222294,-0.7307304643041224,0.9336950276397403,0.0,1.0,0.0,0.0,1.0,0.0,0.0,1.0,1.0,0.0,0.0,1.0,0.0,0.0,1.0,0.0,0.0,1.0,0.0,0.0,0.0,1.0,0.0,1
2.3972344304461926,0.4554752907954978,-0.9523884125018628,-1.543333347121901,0.012770904633370385,1.0,0.0,0.0,0.0,1.0,0.0,1.0,0.0,0.0,1.0,0.0,1.0,0.0,0.0,1.0,0.0,1.0,0.0,0.0,0.0,1.0,0.0,0.0,0
0.05251490463381203,0.17496336848929397,0.02919318469435479,0.4881738599225455,0.26393202908965296,1.0,0.0,0.0,1.0,0.0,0.0,1.0,0.0,0.0,0.0,1.0,1.0,0.0,0.0,1.0,0.0,1.0,0.0,0.0,0.0,1.0,0.0,0.0,0
-1.6222847566607455,1.128703904330387,-0.47085781765088813,1.3910659519422996,-0.9081532183729996,0.0,1.0,0.0,0.0,0.0,1.0,1.0,0.0,1.0,0.0,0.0,1.0,0.0,1.0,0.0,0.0,1.0,0.0,0.0,0.0,0.0,0.0,1.0,1
0.16416821538678253,-0.6665723984293175,-1.0264700424789357,0.5333184645235333,0.6825339031834574,0.0,1.0,1.0,0.0,0.0,0.0,1.0,0.0,0.0,0.0,1.0,1.0,0.0,0.0,1.0,0.0,1.0,0.0,0.0,0.0,0.0,0.0,1.0,0
1.392354633669458,-0.6665723984293175,-0.3597353726852786,-0.9564534873090609,1.268576526914784,0.0,1.0,0.0,0.0,0.0,1.0,1.0,0.0,0.0,0.0,1.0,0.0,1.0,0.0,1.0,0.0,0.0,0.0,1.0,0.0,0.0,0.0,1.0,1
0.6107814583986646,-0.8348795518130399,-0.34121496519101036,0.4430292553215578,0.26393202908965296,0.0,1.0,0.0,0.0,0.0,1.0,0.0,1.0,1.0,0.0,0.0,0.0,1.0,1.0,0.0,0.0,0.0,0.0,1.0,0.0,0.0,0.0,1.0,1
-0.05913840611915847,-1.227596243041725,-0.7857047450534485,-1.9044901839298027,-0.9081532183729996,0.0,1.0,0.0,0.0,0.0,1.0,1.0,0.0,0.0,0.0,1.0,0.0,1.0,0.0,1.0,0.0,0.0,1.0,0.0,0.0,1.0,0.0,0.0,1
0.05251490463381203,1.577522980020313,0.7514890769708168,-0.2341398136932577,-0.23839021982291236,0.0,1.0,0.0,0.0,0.0,1.0,1.0,0.0,0.0,0.0,1.0,0.0,1.0,0.0,1.0,0.0,0.0,1.0,0.0,0.0,0.0,0.0,1.0,1
1.7273145659283695,1.3531134421753501,-0.06340885277698649,-0.3244290228952331,-0.9081532183729996,0.0,1.0,0.0,1.0,0.0,0.0,1.0,0.0,0.0,0.0,1.0,1.0,0.0,1.0,0.0,0.0,1.0,0.0,0.0,0.0,1.0,0.0,0.0,0
-0.2824450276250995,-0.6665723984293175,1.418223746764474,0.9847645105334102,-0.7407124687354778,0.0,1.0,0.0,1.0,0.0,0.0,1.0,0.0,1.0,0.0,0.0,1.0,0.0,1.0,0.0,0.0,1.0,0.0,0.0,0.0,1.0,0.0,0.0,0
0.275821526139753,1.0164991354079054,-2.267337344594909,1.029909115134398,-0.7407124687354778,0.0,1.0,0.0,0.0,1.0,0.0,0.0,1.0,1.0,0.0,0.0,1.0,0.0,1.0,0.0,0.0,0.0,1.0,0.0,0.0,0.0,0.0,1.0,0
0.275821526139753,-0.6665723984293175,1.9553155640982534,0.578463069124521,-0.40583096946043423,1.0,0.0,0.0,0.0,0.0,1.0,1.0,0.0,1.0,0.0,0.0,0.0,1.0,1.0,0.0,0.0,1.0,0.0,0.0,0.0,1.0,0.0,0.0,0
-1.1756715136488636,-0.6665723984293175,-0.41529659516808337,0.8493306967304471,-0.9081532183729996,0.0,1.0,0.0,0.0,1.0,0.0,1.0,0.0,1.0,0.0,0.0,1.0,0.0,1.0,0.0,0.0,1.0,0.0,0.0,0.0,1.0,0.0,0.0,0
0.275821526139753,-0.21775332273939138,-0.3597353726852786,-0.008416790688319197,-0.5732717190979559,0.0,1.0,0.0,0.0,1.0,0.0,1.0,0.0,0.0,0.0,1.0,1.0,0.0,0.0,1.0,0.0,0.0,1.0,0.0,0.0,0.0,0.0,1.0,1
0.9457413906575761,-1.3398010119642068,0.38108092708545166,0.8493306967304471,0.5988135283646967,1.0,0.0,0.0,0.0,0.0,1.0,1.0,0.0,1.0,0.0,0.0,0.0,1.0,0.0,1.0,0.0,0.0,0.0,1.0,0.0,1.0,0.0,0.0,1
-1.064018202895893,-0.21775332273939138,1.1033768193619136,0.8944753013314348,-0.9081532183729996,0.0,1.0,0.0,1.0,0.0,0.0,1.0,0.0,0.0,0.0,1.0,1.0,0.0,1.0,0.0,0.0,1.0,0.0,0.0,0.0,1.0,0.0,0.0,0
0.38747483689272355,0.7920895975629424,-0.5634598551222294,-2.0399239977327657,0.7662542780022185,0.0,1.0,0.0,0.0,0.0,1.0,1.0,0.0,1.0,0.0,0.0,1.0,0.0,0.0,1.0,0.0,0.0,1.0,0.0,0.0,0.0,0.0,1.0,1
1.1690480121635172,-1.227596243041725,-0.007847630294181724,0.35274004611958243,-0.40583096946043423,0.0,1.0,0.0,0.0,0.0,1.0,1.0,0.0,0.0,0.0,1.0,1.0,0.0,1.0,0.0,0.0,0.0,0.0,1.0,0.0,0.0,1.0,0.0,1
1.1690480121635172,0.17496336848929397,0.10327481467142781,-1.0467426965110362,1.4360172765523054,0.0,1.0,0.0,0.0,0.0,1.0,1.0,0.0,0.0,0.0,1.0,1.0,0.0,0.0,1.0,0.0,0.0,1.0,0.0,0.0,0.0,0.0,1.0,1
-1.957244688919657,-0.10554855381690986,0.02919318469435479,1.6619335795482257,2.022059900283632,0.0,1.0,0.0,0.0,1.0,0.0,1.0,0.0,1.0,0.0,0.0,1.0,0.0,0.0,0.0,1.0,1.0,0.0,0.0,0.0,1.0,0.0,0.0,0
0.38747483689272355,1.0164991354079054,0.6403666320052073,0.5333184645235333,-0.07094947018539059,1.0,0.0,1.0,0.0,0.0,0.0,0.0,1.0,0.0,0.0,1.0,1.0,0.0,1.0,0.0,0.0,1.0,0.0,0.0,0.0,1.0,0.0,0.0,0
-0.5057516491310405,-0.6665723984293175,-0.08192926027125474,0.5333184645235333,0.012770904633370385,1.0,0.0,0.0,1.0,0.0,0.0,1.0,0.0,1.0,0.0,0.0,1.0,0.0,1.0,0.0,0.0,1.0,0.0,0.0,0.0,1.0,0.0,0.0,0
-1.6222847566607455,-1.227596243041725,-1.5080006373299104,-1.6336225563238764,0.7662542780022185,0.0,1.0,0.0,0.0,0.0,1.0,1.0,0.0,0.0,0.0,1.0,0.0,1.0,0.0,1.0,0.0,1.0,0.0,0.0,0.0,0.0,0.0,1.0,1
1.2807013229164876,-0.6665723984293175,0.9922543743963042,0.0367278139126685,-0.5732717190979559,0.0,1.0,0.0,0.0,0.0,1.0,1.0,0.0,0.0,0.0,1.0,1.0,0.0,0.0,1.0,0.0,1.0,0.0,0.0,0.0,1.0,0.0,0.0,0
-2.180551310425598,-0.5543676295068359,-1.0449904499732041,1.0750537197353855,-0.9081532183729996,0.0,1.0,0.0,1.0,0.0,0.0,1.0,0.0,1.0,0.0,0.0,1.0,0.0,1.0,0.0,0.0,1.0,0.0,0.0,0.0,1.0,0.0,0.0,0
-0.17079171687212896,-0.4982652450455952,0.621846224510939,-2.4913700437426427,0.7662542780022185,0.0,1.0,0.0,0.0,0.0,1.0,1.0,0.0,1.0,0.0,0.0,0.0,1.0,0.0,1.0,0.0,0.0,0.0,1.0,0.0,0.0,0.0,1.0,1
-1.287324824401834,-0.9470843207355213,1.0107747818905723,1.3910659519422996,0.09649127945213118,0.0,1.0,0.0,0.0,0.0,1.0,1.0,0.0,1.0,0.0,0.0,1.0,0.0,0.0,1.0,0.0,1.0,0.0,0.0,0.0,1.0,0.0,0.0,0
0.6107814583986646,1.4653182110978316,1.047815596879109,0.4881738599225455,-0.9081532183729996,1.0,0.0,0.0,0.0,0.0,1.0,1.0,0.0,0.0,0.0,1.0,1.0,0.0,1.0,0.0,0.0,1.0,0.0,0.0,0.0,1.0,0.0,0.0,1
0.7224347691516351,0.7359872131017016,1.0848564118676454,-0.18899520909227,-0.07094947018539059,1.0,0.0,0.0,0.0,0.0,1.0,1.0,0.0,0.0,0.0,1.0,0.0,1.0,0.0,1.0,0.0,1.0,0.0,0.0,0.0,0.0,0.0,1.0,1
-1.510631445907775,-1.1153914741192437,0.02919318469435479,1.300776742740324,-0.9081532183729996,0.0,1.0,0.0,0.0,1.0,0.0,1.0,0.0,1.0,0.0,0.0,1.0,0.0,1.0,0.0,0.0,1.0,0.0,0.0,0.0,1.0,0.0,0.0,0
-0.2824450276250995,-0.778777167351799,-1.1561128949388135,1.797367393351189,-0.9081532183729996,0.0,1.0,1.0,0.0,0.0,0.0,1.0,0.0,0.0,0.0,1.0,1.0,0.0,0.0,1.0,0.0,1.0,0.0,0.0,0.0,0.0,1.0,0.0,0
0.4991281476456941,2.587365900322647,0.3996013345797199,-0.2341398136932577,2.6081025240149587,0.0,1.0,1.0,0.0,0.0,0.0,1.0,0.0,0.0,0.0,1.0,1.0,0.0,0.0,0.0,1.0,1.0,0.0,0.0,0.0,0.0,0.0,1.0,0
1.0573947014105465,-1.227596243041725,-0.6931027075821072,-0.2792844182942454,0.5988135283646967,0.0,1.0,1.0,0.0,0.0,0.0,1.0,0.0,0.0,0.0,1.0,0.0,1.0,0.0,1.0,0.0,1.0,0.0,0.0,0.0,1.0,0.0,0.0,0
-0.05913840611915847,-0.38606047612311367,0.4551625570625247,0.0818724185136562,-0.4895513442791951,0.0,1.0,0.0,0.0,1.0,0.0,1.0,0.0,0.0,0.0,1.0,1.0,0.0,0.0,0.0,1.0,0.0,1.0,0.0,0.0,1.0,0.0,0.0,0
0.8340880799046055,1.577522980020313,-1.5635618598127152,-0.2341398136932577,4.282510020390177,1.0,0.0,0.0,0.0,0.0,1.0,1.0,0.0,0.0,0.0,1.0,1.0,0.0,0.0,0.0,1.0,0.0,0.0,0.0,1.0,0.0,0.0,1.0,1
-0.39409833837806996,-0.38606047612311367,-0.6560618925935707,-1.1370319057130118,0.26393202908965296,0.0,1.0,1.0,0.0,0.0,0.0,1.0,0.0,0.0,0.0,1.0,0.0,1.0,1.0,0.0,0.0,0.0,1.0,0.0,0.0,1.0,0.0,0.0,0
0.38747483689272355,-1.508108165347929,-0.15601089024832776,0.17216162771563162,-0.40583096946043423,0.0,1.0,0.0,0.0,1.0,0.0,1.0,0.0,0.0,0.0,1.0,0.0,1.0,0.0,1.0,0.0,1.0,0.0,0.0,0.0,0.0,0.0,1.0,0
-1.287324824401834,-0.6665723984293175,-1.322796562387228,-1.3627549287179503,1.184856152096023,0.0,1.0,0.0,0.0,0.0,1.0,1.0,0.0,0.0,0.0,1.0,0.0,1.0,0.0,1.0,0.0,1.0,0.0,0.0,0.0,0.0,0.0,1.0,1
-0.39409833837806996,0.4554752907954978,0.9366931519134993,1.029909115134398,0.4313727787271749,0.0,1.0,0.0,0.0,0.0,1.0,1.0,0.0,1.0,0.0,0.0,0.0,1.0,1.0,0.0,0.0,1.0,0.0,0.0,0.0,0.0,0.0,1.0,1
-0.9523648921429225,0.5676800597179793,-1.322796562387228,0.4430292553215578,0.26393202908965296,1.0,0.0,0.0,0.0,1.0,0.0,1.0,0.0,0.0,0.0,1.0,0.0,1.0,0.0,0.0,1.0,1.0,0.0,0.0,0.0,1.0,0.0,0.0,0
0.7224347691516351,0.1188609840280532,-0.2671333352139373,-0.2341398136932577,1.268576526914784,0.0,1.0,1.0,0.0,0.0,0.0,1.0,0.0,1.0,0.0,0.0,1.0,0.0,0.0,1.0,0.0,0.0,0.0,1.0,0.0,1.0,0.0,0.0,1
0.6107814583986646,1.0164991354079054,0.17735644464850084,0.3075954415185947,1.268576526914784,1.0,0.0,0.0,0.0,0.0,1.0,1.0,0.0,0.0,0.0,1.0,1.0,0.0,0.0,1.0,0.0,0.0,0.0,1.0,0.0,0.0,0.0,1.0,1
-0.17079171687212896,-0.10554855381690986,-0.04488844528271824,1.029909115134398,-0.9081532183729996,0.0,1.0,0.0,0.0,1.0,0.0,0.0,1.0,0.0,0.0,1.0,1.0,0.0,1.0,0.0,0.0,0.0,0.0,0.0,1.0,1.0,0.0,0.0,0
-0.7290582706369815,-0.10554855381690986,0.14031562965996433,-0.008416790688319197,-0.9081532183729996,0.0,1.0,0.0,0.0,0.0,1.0,0.0,1.0,0.0,0.0,1.0,0.0,1.0,1.0,0.0,0.0,0.0,0.0,1.0,0.0,0.0,0.0,1.0,1
0.05251490463381203,0.4554752907954978,-0.5819802626164977,-1.7690563701268396,3.780187771477611,0.0,1.0,0.0,0.0,0.0,1.0,1.0,0.0,1.0,0.0,0.0,0.0,1.0,0.0,0.0,1.0,1.0,0.0,0.0,0.0,0.0,0.0,1.0,1
1.1690480121635172,-0.6665723984293175,-1.322796562387228,-0.4598628366981962,-0.5732717190979559,0.0,1.0,0.0,0.0,0.0,1.0,1.0,0.0,1.0,0.0,0.0,1.0,0.0,1.0,0.0,0.0,1.0,0.0,0.0,0.0,0.0,0.0,1.0,0
0.6107814583986646,-0.38606047612311367,0.17735644464850084,-0.4147182320972085,1.4360172765523054,0.0,1.0,0.0,0.0,0.0,1.0,1.0,0.0,0.0,0.0,1.0,0.0,1.0,0.0,1.0,0.0,0.0,1.0,0.0,0.0,0.0,0.0,1.0,1
0.4991281476456941,0.34327052187301627,0.41812174207398817,1.4362105565432872,-0.9081532183729996,0.0,1.0,0.0,0.0,0.0,1.0,1.0,0.0,0.0,0.0,1.0,1.0,0.0,1.0,0.0,0.0,1.0,0.0,0.0,0.0,1.0,0.0,0.0,0
-0.05913840611915847,1.577522980020313,-0.8783067825247898,0.578463069124521,-0.9081532183729996,1.0,0.0,0.0,0.0,1.0,0.0,1.0,0.0,1.0,0.0,0.0,1.0,0.0,1.0,0.0,0.0,0.0,1.0,0.0,0.0,1.0,0.0,0.0,0
0.4991281476456941,1.801932517865276,-1.3413169698814962,-2.7170930667475814,-0.07094947018539059,0.0,1.0,0.0,0.0,0.0,1.0,0.0,1.0,0.0,0.0,1.0,1.0,0.0,0.0,1.0,0.0,0.0,0.0,1.0,0.0,0.0,1.0,0.0,1
-1.3989781351548045,-1.6764153187316513,0.30699929710837864,-1.2724657195159748,-0.40583096946043423,1.0,0.0,0.0,0.0,0.0,1.0,1.0,0.0,0.0,0.0,1.0,1.0,0.0,0.0,1.0,0.0,1.0,0.0,0.0,0.0,1.0,0.0,0.0,0
0.38747483689272355,0.4554752907954978,-0.6931027075821072,0.6687522783264963,-0.9081532183729996,0.0,1.0,0.0,0.0,1.0,0.0,0.0,1.0,0.0,0.0,1.0,1.0,0.0,1.0,0.0,0.0,1.0,0.0,0.0,0.0,1.0,0.0,0.0,0
-1.3989781351548045,0.9042943664854239,-0.08192926027125474,1.2556321381393365,-0.23839021982291236,0.0,1.0,1.0,0.0,0.0,0.0,1.0,0.0,0.0,0.0,1.0,1.0,0.0,1.0,0.0,0.0,0.0,0.0,1.0,0.0,1.0,0.0,0.0,0
1.615661255175399,0.4554752907954978,0.10327481467142781,-0.18899520909227,0.7662542780022185,0.0,1.0,0.0,0.0,1.0,0.0,1.0,0.0,0.0,0.0,1.0,1.0,0.0,0.0,1.0,0.0,0.0,0.0,0.0,1.0,0.0,0.0,1.0,1
1.7273145659283695,0.7359872131017016,-1.3783577848700326,-1.1370319057130118,1.268576526914784,0.0,1.0,0.0,0.0,0.0,1.0,1.0,0.0,1.0,0.0,0.0,0.0,1.0,0.0,0.0,1.0,1.0,0.0,0.0,0.0,0.0,0.0,1.0,1
-0.5057516491310405,0.4554752907954978,-0.28565374270820554,0.578463069124521,-0.40583096946043423,0.0,1.0,0.0,0.0,1.0,0.0,1.0,0.0,1.0,0.0,0.0,1.0,0.0,0.0,1.0,0.0,0.0,1.0,0.0,0.0,0.0,0.0,1.0,1
-0.05913840611915847,0.17496336848929397,1.0292951893848405,0.8944753013314348,-0.9081532183729996,1.0,0.0,0.0,0.0,1.0,0.0,0.0,1.0,1.0,0.0,0.0,1.0,0.0,1.0,0.0,0.0,1.0,0.0,0.0,0.0,1.0,0.0,0.0,0
-0.2824450276250995,-1.3398010119642068,-0.28565374270820554,-0.1438506044912823,-0.8244328435542387,0.0,1.0,0.0,0.0,0.0,1.0,0.0,1.0,1.0,0.0,0.0,1.0,0.0,1.0,0.0,0.0,0.0,0.0,0.0,1.0,0.0,0.0,1.0,0
0.7224347691516351,0.34327052187301627,-1.5265210448241786,-1.1370319057130118,2.1057802751023926,0.0,1.0,0.0,0.0,0.0,1.0,1.0,0.0,0.0,0.0,1.0,0.0,1.0,0.0,1.0,0.0,0.0,1.0,0.0,0.0,1.0,0.0,0.0,1
-0.2824450276250995,2.250751593555202,-0.9153475975133263,0.5333184645235333,-0.4895513442791951,0.0,1.0,0.0,0.0,1.0,0.0,0.0,1.0,1.0,0.0,0.0,1.0,0.0,1.0,0.0,0.0,1.0,0.0,0.0,0.0,0.0,0.0,1.0,0
1.0573947014105465,-0.21775332273939138,0.26995848211984214,-2.0399239977327657,-0.7407124687354778,0.0,1.0,0.0,0.0,0.0,1.0,1.0,0.0,1.0,0.0,0.0,0.0,1.0,0.0,1.0,0.0,0.0,1.0,0.0,0.0,0.0,0.0,1.0,0
1.0573947014105465,0.4554752907954978,1.195978856833255,-0.7758750689051102,-0.7407124687354778,1.0,0.0,0.0,0.0,1.0,0.0,1.0,0.0,1.0,0.0,0.0,1.0,0.0,1.0,0.0,0.0,1.0,0.0,0.0,0.0,0.0,0.0,1.0,0
0.16416821538678253,3.8216183584699435,0.7329686694765485,-0.7758750689051102,2.440661774377437,1.0,0.0,0.0,0.0,0.0,1.0,0.0,1.0,0.0,0.0,1.0,0.0,1.0,0.0,0.0,1.0,0.0,0.0,1.0,0.0,0.0,0.0,1.0,1
0.4991281476456941,1.577522980020313,0.4551625570625247,-1.1370319057130118,-0.9081532183729996,0.0,1.0,1.0,0.0,0.0,0.0,1.0,0.0,0.0,0.0,1.0,1.0,0.0,1.0,0.0,0.0,1.0,0.0,0.0,0.0,1.0,0.0,0.0,1
-2.2922046211785685,-0.778777167351799,-0.7116231150763754,1.8876566025531643,-0.32211059464167335,1.0,0.0,0.0,1.0,0.0,0.0,1.0,0.0,1.0,0.0,0.0,1.0,0.0,1.0,0.0,0.0,1.0,0.0,0.0,0.0,1.0,0.0,0.0,0
0.8340880799046055,0.34327052187301627,0.844091114442158,-1.994779393131778,0.6825339031834574,1.0,0.0,0.0,0.0,0.0,1.0,0.0,1.0,1.0,0.0,0.0,1.0,0.0,0.0,1.0,0.0,0.0,0.0,0.0,1.0,1.0,0.0,0.0,1
-0.840711581389952,0.34327052187301627,0.15883603715423258,0.262450836917607,-0.9081532183729996,0.0,1.0,0.0,0.0,1.0,0.0,1.0,0.0,0.0,0.0,1.0,1.0,0.0,1.0,0.0,0.0,1.0,0.0,0.0,0.0,1.0,0.0,0.0,0
-1.1756715136488636,-0.6665723984293175,-1.470959822341374,-0.2792844182942454,1.4360172765523054,0.0,1.0,0.0,0.0,0.0,1.0,1.0,0.0,1.0,0.0,0.0,0.0,1.0,0.0,0.0,1.0,1.0,0.0,0.0,0.0,0.0,1.0,0.0,1
1.83896787668134,1.577522980020313,0.9922543743963042,0.5333184645235333,-0.5732717190979559,1.0,0.0,0.0,1.0,0.0,0.0,1.0,0.0,1.0,0.0,0.0,1.0,0.0,1.0,0.0,0.0,0.0,0.0,1.0,0.0,1.0,0.0,0.0,0
1.0573947014105465,-0.10554855381690986,1.0107747818905723,-1.2724657195159748,0.7662542780022185,1.0,0.0,0.0,0.0,0.0,1.0,1.0,0.0,1.0,0.0,0.0,1.0,0.0,0.0,1.0,0.0,0.0,0.0,1.0,0.0,1.0,0.0,0.0,0
-0.39409833837806996,-0.6665723984293175,0.8626115219364263,0.3075954415185947,-0.40583096946043423,1.0,0.0,0.0,0.0,1.0,0.0,1.0,0.0,0.0,0.0,1.0,1.0,0.0,1.0,0.0,0.0,1.0,0.0,0.0,0.0,1.0,0.0,0.0,0
-0.617404959884011,-0.10554855381690986,0.3255197046026469,0.9396199059324225,-0.40583096946043423,0.0,1.0,0.0,1.0,0.0,0.0,1.0,0.0,1.0,0.0,0.0,1.0,0.0,1.0,0.0,0.0,1.0,0.0,0.0,0.0,1.0,0.0,0.0,0
-0.05913840611915847,-1.227596243041725,-0.17453129774259601,-1.091887301112024,1.4360172765523054,0.0,1.0,0.0,0.0,0.0,1.0,1.0,0.0,1.0,0.0,0.0,0.0,1.0,0.0,1.0,0.0,0.0,1.0,0.0,0.0,0.0,0.0,1.0,1
0.38747483689272355,-1.7886200876541327,-0.2671333352139373,0.262450836917607,-0.8244328435542387,0.0,1.0,0.0,0.0,0.0,1.0,1.0,0.0,1.0,0.0,0.0,1.0,0.0,1.0,0.0,0.0,0.0,1.0,0.0,0.0,0.0,0.0,1.0,1
0.16416821538678253,-0.38606047612311367,0.010672777200086532,-0.2792844182942454,0.09649127945213118,0.0,1.0,0.0,0.0,0.0,1.0,0.0,1.0,0.0,0.0,1.0,0.0,1.0,0.0,1.0,0.0,0.0,1.0,0.0,0.0,1.0,0.0,0.0,1
0.9457413906575761,-0.44216286058435444,-0.9523884125018628,-0.640441255102147,-0.9081532183729996,1.0,0.0,0.0,0.0,0.0,1.0,1.0,0.0,1.0,0.0,0.0,0.0,1.0,0.0,1.0,0.0,1.0,0.0,0.0,0.0,1.0,0.0,0.0,1
1.1690480121635172,1.577522980020313,2.0664380090638628,0.0367278139126685,-0.23839021982291236,1.0,0.0,0.0,0.0,1.0,0.0,1.0,0.0,0.0,0.0,1.0,1.0,0.0,1.0,0.0,0.0,1.0,0.0,0.0,0.0,1.0,0.0,0.0,0
1.392354633669458,-1.4520057808866882,-0.47085781765088813,-0.3695736274962208,-0.6569920939167169,1.0,0.0,0.0,0.0,0.0,1.0,1.0,0.0,1.0,0.0,0.0,1.0,0.0,1.0,0.0,0.0,0.0,0.0,1.0,0.0,1.0,0.0,0.0,0
0.38747483689272355,2.1385468246327206,-0.4338170026623516,-0.18899520909227,1.4360172765523054,1.0,0.0,0.0,0.0,0.0,1.0,0.0,1.0,0.0,0.0,1.0,0.0,1.0,0.0,1.0,0.0,0.0,0.0,1.0,0.0,0.0,1.0,0.0,1
0.7224347691516351,-0.6665723984293175,0.21439725963703735,-0.4598628366981962,2.1057802751023926,0.0,1.0,0.0,0.0,0.0,1.0,1.0,0.0,1.0,0.0,0.0,0.0,1.0,0.0,1.0,0.0,0.0,1.0,0.0,0.0,0.0,0.0,1.0,1
0.16416821538678253,0.1188609840280532,2.9739379762830076,-0.008416790688319197,0.6825339031834574,1.0,0.0,0.0,0.0,0.0,1.0,1.0,0.0,0.0,0.0,1.0,0.0,1.0,0.0,1.0,0.0,0.0,0.0,1.0,0.0,0.0,0.0,1.0,1
-0.7290582706369815,-0.10554855381690986,0.4922033720510612,-0.505007441299184,-0.7407124687354778,1.0,0.0,0.0,0.0,1.0,0.0,1.0,0.0,1.0,0.0,0.0,1.0,0.0,1.0,0.0,0.0,1.0,0.0,0.0,0.0,1.0,0.0,0.0,0
-0.2824450276250995,0.1188609840280532,-0.8783067825247898,0.35274004611958243,-0.23839021982291236,0.0,1.0,0.0,1.0,0.0,0.0,1.0,0.0,1.0,0.0,0.0,1.0,0.0,1.0,0.0,0.0,0.0,1.0,0.0,0.0,1.0,0.0,0.0,0
1.83896787668134,-1.1153914741192437,-1.841367972226739,-1.1370319057130118,0.4313727787271749,1.0,0.0,0.0,0.0,0.0,1.0,1.0,0.0,1.0,0.0,0.0,1.0,0.0,0.0,1.0,0.0,1.0,0.0,0.0,0.0,1.0,0.0,0.0,0
0.05251490463381203,2.6995706692451282,1.4552645617530104,-1.4981887425209133,1.9383395254648708,1.0,0.0,0.0,0.0,0.0,1.0,1.0,0.0,0.0,1.0,0.0,0.0,1.0,0.0,1.0,0.0,1.0,0.0,0.0,0.0,1.0,0.0,0.0,1
1.2807013229164876,-1.1153914741192437,-0.6745823000878389,-0.8210196735060978,-0.8244328435542387,0.0,1.0,0.0,0.0,0.0,1.0,1.0,0.0,0.0,0.0,1.0,0.0,1.0,1.0,0.0,0.0,0.0,1.0,0.0,0.0,1.0,0.0,0.0,1
0.8340880799046055,-0.44216286058435444,-0.7301435225706437,0.578463069124521,-0.9081532183729996,1.0,0.0,0.0,0.0,0.0,1.0,1.0,0.0,1.0,0.0,0.0,1.0,0.0,1.0,0.0,0.0,1.0,0.0,0.0,0.0,1.0,0.0,0.0,0
1.2807013229164876,1.0164991354079054,-0.41529659516808337,-1.6336225563238764,1.268576526914784,1.0,0.0,1.0,0.0,0.0,0.0,1.0,0.0,1.0,0.0,0.0,1.0,0.0,0.0,0.0,1.0,1.0,0.0,0.0,0.0,1.0,0.0,0.0,0
-0.05913840611915847,-1.227596243041725,-0.6375414850993024,0.35274004611958243,0.4313727787271749,1.0,0.0,0.0,0.0,1.0,0.0,1.0,0.0,1.0,0.0,0.0,1.0,0.0,0.0,1.0,0.0,1.0,0.0,0.0,0.0,1.0,0.0,0.0,0
1.2807013229164876,0.7920895975629424,0.547764594533866,0.0818724185136562,-0.9081532183729996,1.0,0.0,0.0,0.0,1.0,0.0,1.0,0.0,0.0,0.0,1.0,1.0,0.0,0.0,1.0,0.0,0.0,1.0,0.0,0.0,1.0,0.0,0.0,0
1.1690480121635172,0.34327052187301627,0.621846224510939,1.0750537197353855,0.26393202908965296,0.0,1.0,1.0,0.0,0.0,0.0,0.0,1.0,0.0,0.0,1.0,1.0,0.0,0.0,1.0,0.0,0.0,1.0,0.0,0.0,1.0,0.0,0.0,1
0.275821526139753,0.4554752907954978,-1.0449904499732041,-0.0987059998902946,-0.5732717190979559,0.0,1.0,0.0,0.0,0.0,1.0,1.0,0.0,1.0,0.0,0.0,1.0,0.0,0.0,1.0,0.0,1.0,0.0,0.0,0.0,0.0,1.0,0.0,0
0.38747483689272355,-0.6665723984293175,1.696029859178498,0.9847645105334102,-0.9081532183729996,1.0,0.0,0.0,0.0,1.0,0.0,1.0,0.0,1.0,0.0,0.0,1.0,0.0,1.0,0.0,0.0,1.0,0.0,0.0,0.0,1.0,0.0,0.0,0
-0.2824450276250995,1.128703904330387,0.918172744419231,1.2556321381393365,0.09649127945213118,0.0,1.0,1.0,0.0,0.0,0.0,0.0,1.0,1.0,0.0,0.0,1.0,0.0,0.0,1.0,0.0,1.0,0.0,0.0,0.0,0.0,0.0,1.0,0
-0.5057516491310405,0.6798848286404608,-0.896827190019058,-1.091887301112024,-0.15466984500415148,0.0,1.0,0.0,0.0,0.0,1.0,1.0,0.0,0.0,0.0,1.0,0.0,1.0,0.0,1.0,0.0,1.0,0.0,0.0,0.0,0.0,0.0,1.0,1
-0.2824450276250995,0.23106575295053472,-0.970908819996131,0.8493306967304471,-0.8244328435542387,1.0,0.0,0.0,0.0,1.0,0.0,1.0,0.0,0.0,0.0,1.0,1.0,0.0,0.0,1.0,0.0,1.0,0.0,0.0,0.0,1.0,0.0,0.0,0
-0.05913840611915847,-0.6665723984293175,0.17735644464850084,-0.1438506044912823,-0.5732717190979559,0.0,1.0,0.0,0.0,1.0,0.0,1.0,0.0,0.0,0.0,1.0,1.0,0.0,0.0,1.0,0.0,1.0,0.0,0.0,0.0,0.0,0.0,1.0,0
-1.3989781351548045,-0.10554855381690986,-1.2672353399044232,-0.008416790688319197,-0.9081532183729996,0.0,1.0,0.0,0.0,1.0,0.0,1.0,0.0,1.0,0.0,0.0,1.0,0.0,1.0,0.0,0.0,1.0,0.0,0.0,0.0,1.0,0.0,0.0,0
0.8340880799046055,-0.6665723984293175,0.34404011209691515,-2.310791625338692,0.5988135283646967,0.0,1.0,0.0,0.0,0.0,1.0,1.0,0.0,1.0,0.0,0.0,0.0,1.0,0.0,1.0,0.0,0.0,0.0,1.0,0.0,0.0,0.0,1.0,1
0.9457413906575761,0.4554752907954978,-1.1375924874445453,-0.2792844182942454,2.440661774377437,0.0,1.0,0.0,0.0,0.0,1.0,1.0,0.0,0.0,0.0,1.0,0.0,1.0,1.0,0.0,0.0,0.0,0.0,1.0,0.0,0.0,0.0,1.0,1
0.275821526139753,1.8580349023265168,0.7514890769708168,-1.1821765103139994,-0.07094947018539059,0.0,1.0,0.0,0.0,0.0,1.0,0.0,1.0,0.0,0.0,1.0,1.0,0.0,0.0,1.0,0.0,0.0,0.0,0.0,1.0,0.0,0.0,1.0,1
1.0573947014105465,0.4554752907954978,1.6034278217071565,0.35274004611958243,-0.9081532183729996,0.0,1.0,0.0,0.0,1.0,0.0,1.0,0.0,1.0,0.0,0.0,1.0,0.0,1.0,0.0,0.0,1.0,0.0,0.0,0.0,1.0,0.0,0.0,1
0.6107814583986646,0.7359872131017016,0.621846224510939,-0.3695736274962208,1.4360172765523054,0.0,1.0,0.0,0.0,0.0,1.0,1.0,0.0,0.0,0.0,1.0,0.0,1.0,0.0,1.0,0.0,0.0,0.0,1.0,0.0,0.0,0.0,1.0,1
-1.3989781351548045,-0.6665723984293175,-0.7301435225706437,1.029909115134398,-0.9081532183729996,1.0,0.0,0.0,0.0,1.0,0.0,1.0,0.0,1.0,0.0,0.0,1.0,0.0,0.0,1.0,0.0,1.0,0.0,0.0,0.0,1.0,0.0,0.0,0
0.16416821538678253,0.006656215105571668,-1.1931537099273501,-2.0399239977327657,0.8499746528209794,0.0,1.0,0.0,0.0,0.0,1.0,1.0,0.0,0.0,0.0,1.0,0.0,1.0,0.0,1.0,0.0,0.0,1.0,0.0,0.0,0.0,1.0,0.0,1
-0.17079171687212896,0.34327052187301627,-0.2671333352139373,0.4430292553215578,-0.9081532183729996,1.0,0.0,0.0,0.0,0.0,1.0,1.0,0.0,0.0,0.0,1.0,1.0,0.0,1.0,0.0,0.0,1.0,0.0,0.0,0.0,1.0,0.0,0.0,0
-0.2824450276250995,-0.21775332273939138,-0.8042251525477168,1.5264997657452626,-0.9081532183729996,0.0,1.0,0.0,1.0,0.0,0.0,0.0,1.0,1.0,0.0,0.0,1.0,0.0,1.0,0.0,0.0,1.0,0.0,0.0,0.0,1.0,0.0,0.0,0
1.392354633669458,-0.9470843207355213,5.844601137894586,0.4430292553215578,0.4313727787271749,1.0,0.0,0.0,0.0,1.0,0.0,1.0,0.0,0.0,0.0,1.0,1.0,0.0,0.0,1.0,0.0,1.0,0.0,0.0,0.0,0.0,0.0,1.0,0
-1.8455913781666866,-0.6665723984293175,-0.3226945576967421,1.4362105565432872,2.2732210247399145,0.0,1.0,1.0,0.0,0.0,0.0,1.0,0.0,1.0,0.0,0.0,0.0,1.0,0.0,1.0,0.0,1.0,0.0,0.0,0.0,0.0,0.0,1.0,1
0.6107814583986646,-1.6764153187316513,1.2885808943045962,0.4430292553215578,-0.9081532183729996,1.0,0.0,0.0,0.0,1.0,0.0,1.0,0.0,1.0,0.0,0.0,1.0,0.0,1.0,0.0,0.0,0.0,1.0,0.0,0.0,1.0,0.0,0.0,0
1.0573947014105465,0.7359872131017016,-0.6745823000878389,-0.8210196735060978,0.7662542780022185,0.0,1.0,0.0,0.0,0.0,1.0,1.0,0.0,0.0,0.0,1.0,1.0,0.0,0.0,1.0,0.0,0.0,0.0,1.0,0.0,0.0,1.0,0.0,1
1.392354633669458,1.128703904330387,0.5292441870395977,0.9847645105334102,-0.9081532183729996,1.0,0.0,0.0,0.0,1.0,0.0,1.0,0.0,1.0,0.0,0.0,1.0,0.0,1.0,0.0,0.0,0.0,1.0,0.0,0.0,1.0,0.0,0.0,0
-0.39409833837806996,-2.1252343944215775,-0.3967761876738151,0.17216162771563162,-0.9081532183729996,0.0,1.0,0.0,0.0,1.0,0.0,1.0,0.0,1.0,0.0,0.0,0.0,1.0,1.0,0.0,0.0,0.0,1.0,0.0,0.0,0.0,0.0,1.0,0
-1.1756715136488636,-0.10554855381690986,-0.5449394476279611,1.7070781841492135,-0.9081532183729996,0.0,1.0,0.0,1.0,0.0,0.0,1.0,0.0,0.0,0.0,1.0,1.0,0.0,1.0,0.0,0.0,1.0,0.0,0.0,0.0,1.0,0.0,0.0,0
-0.5057516491310405,-0.16165093827815064,-0.970908819996131,0.578463069124521,-0.9081532183729996,0.0,1.0,0.0,0.0,1.0,0.0,1.0,0.0,1.0,0.0,0.0,1.0,0.0,1.0,0.0,0.0,1.0,0.0,0.0,0.0,1.0,0.0,0.0,0
1.5040079444224286,2.6995706692451282,0.47368296455679293,-0.008416790688319197,0.4313727787271749,0.0,1.0,0.0,0.0,1.0,0.0,0.0,1.0,0.0,0.0,1.0,0.0,1.0,0.0,1.0,0.0,1.0,0.0,0.0,0.0,0.0,0.0,1.0,1
0.8340880799046055,0.4554752907954978,2.6961318638689837,0.3075954415185947,0.09649127945213118,1.0,0.0,0.0,0.0,0.0,1.0,1.0,0.0,0.0,0.0,1.0,1.0,0.0,0.0,1.0,0.0,1.0,0.0,0.0,0.0,1.0,0.0,0.0,0
0.275821526139753,0.4554752907954978,-0.1374904827540595,-1.2273211149149872,-0.7407124687354778,1.0,0.0,0.0,0.0,0.0,1.0,1.0,0.0,1.0,0.0,0.0,0.0,1.0,0.0,1.0,0.0,1.0,0.0,0.0,0.0,0.0,0.0,1.0,1
-0.17079171687212896,0.4554752907954978,-0.8412659675362533,0.2173062323166193,1.6871784010085882,0.0,1.0,0.0,0.0,0.0,1.0,0.0,1.0,0.0,0.0,1.0,0.0,1.0,0.0,0.0,1.0,1.0,0.0,0.0,0.0,0.0,0.0,1.0,1
0.6107814583986646,1.0164991354079054,-0.15601089024832776,0.9396199059324225,-0.15466984500415148,1.0,0.0,1.0,0.0,0.0,0.0,1.0,0.0,1.0,0.0,0.0,1.0,0.0,1.0,0.0,0.0,1.0,0.0,0.0,0.0,1.0,0.0,0.0,0
1.0573947014105465,-0.38606047612311367,1.121897226856182,-0.8661642781070855,0.5988135283646967,0.0,1.0,0.0,0.0,1.0,0.0,1.0,0.0,1.0,0.0,0.0,0.0,1.0,0.0,1.0,0.0,1.0,0.0,0.0,0.0,0.0,0.0,1.0,1
0.05251490463381203,0.006656215105571668,1.7330706741670343,0.713896882927484,0.09649127945213118,1.0,0.0,0.0,1.0,0.0,0.0,1.0,0.0,1.0,0.0,0.0,1.0,0.0,1.0,0.0,0.0,1.0,0.0,0.0,0.0,1.0,0.0,0.0,0
-0.7290582706369815,-0.44216286058435444,0.47368296455679293,0.713896882927484,-0.4895513442791951,0.0,1.0,0.0,0.0,0.0,1.0,1.0,0.0,0.0,0.0,1.0,1.0,0.0,0.0,1.0,0.0,1.0,0.0,0.0,0.0,0.0,0.0,1.0,1
-0.840711581389952,-1.1153914741192437,-0.822745560041985,-0.3244290228952331,-0.8244328435542387,0.0,1.0,0.0,0.0,0.0,1.0,1.0,0.0,1.0,0.0,0.0,1.0,0.0,1.0,0.0,0.0,1.0,0.0,0.0,0.0,1.0,0.0,0.0,0
-0.05913840611915847,0.4554752907954978,-0.17453129774259601,0.4430292553215578,0.09649127945213118,0.0,1.0,0.0,0.0,0.0,1.0,1.0,0.0,1.0,0.0,0.0,1.0,0.0,1.0,0.0,0.0,1.0,0.0,0.0,0.0,1.0,0.0,0.0,0
-1.1756715136488636,0.4554752907954978,-0.24861292771966906,1.3459213473413119,-0.9081532183729996,0.0,1.0,0.0,0.0,1.0,0.0,1.0,0.0,0.0,0.0,1.0,1.0,0.0,1.0,0.0,0.0,1.0,0.0,0.0,0.0,1.0,0.0,0.0,0
-1.287324824401834,1.0164991354079054,-0.02636803778844998,0.9396199059324225,0.3476524039084139,0.0,1.0,0.0,0.0,0.0,1.0,1.0,0.0,1.0,0.0,0.0,1.0,0.0,1.0,0.0,0.0,1.0,0.0,0.0,0.0,1.0,0.0,0.0,0
0.16416821538678253,0.4554752907954978,0.844091114442158,0.1270170231146439,0.18021165427089214,1.0,0.0,0.0,1.0,0.0,0.0,1.0,0.0,0.0,0.0,1.0,1.0,0.0,0.0,1.0,0.0,1.0,0.0,0.0,0.0,1.0,0.0,0.0,0
-1.510631445907775,-1.508108165347929,-0.9338680050075945,0.8041860921294595,-0.9081532183729996,1.0,0.0,0.0,1.0,0.0,0.0,1.0,0.0,1.0,0.0,0.0,1.0,0.0,1.0,0.0,0.0,0.0,1.0,0.0,0.0,1.0,0.0,0.0,0
0.275821526139753,0.006656215105571668,-0.7671843375591803,0.8041860921294595,-0.9081532183729996,0.0,1.0,0.0,0.0,0.0,1.0,1.0,0.0,1.0,0.0,0.0,0.0,1.0,1.0,0.0,0.0,1.0,0.0,0.0,0.0,0.0,0.0,1.0,0
-0.05913840611915847,1.0164991354079054,-0.3041741502024738,0.6687522783264963,0.4313727787271749,0.0,1.0,0.0,0.0,1.0,0.0,1.0,0.0,0.0,0.0,1.0,1.0,0.0,1.0,0.0,0.0,1.0,0.0,0.0,0.0,0.0,0.0,1.0,0
0.4991281476456941,0.1188609840280532,-0.822745560041985,0.5333184645235333,-0.23839021982291236,0.0,1.0,1.0,0.0,0.0,0.0,1.0,0.0,1.0,0.0,0.0,1.0,0.0,1.0,0.0,0.0,0.0,0.0,1.0,0.0,1.0,0.0,0.0,1
1.5040079444224286,0.6798848286404608,-1.0264700424789357,-0.4147182320972085,1.9383395254648708,0.0,1.0,0.0,0.0,0.0,1.0,0.0,1.0,1.0,0.0,0.0,1.0,0.0,0.0,1.0,0.0,0.0,0.0,1.0,0.0,0.0,0.0,1.0,1
2.1739278089402516,-0.6665723984293175,0.38108092708545166,-1.3176103241169626,-0.7407124687354778,1.0,0.0,0.0,1.0,0.0,0.0,1.0,0.0,0.0,0.0,1.0,0.0,1.0,1.0,0.0,0.0,0.0,1.0,0.0,0.0,1.0,0.0,0.0,0
-0.9523648921429225,-1.732517703192892,-0.9523884125018628,0.262450836917607,-0.9081532183729996,0.0,1.0,0.0,1.0,0.0,0.0,0.0,1.0,1.0,0.0,0.0,1.0,0.0,1.0,0.0,0.0,1.0,0.0,0.0,0.0,0.0,0.0,1.0,0
0.16416821538678253,-0.6665723984293175,-0.2300925202254008,1.2556321381393365,-0.23839021982291236,0.0,1.0,0.0,1.0,0.0,0.0,1.0,0.0,1.0,0.0,0.0,1.0,0.0,1.0,0.0,0.0,1.0,0.0,0.0,0.0,1.0,0.0,0.0,0
-1.064018202895893,-0.9470843207355213,0.21439725963703735,1.5716443703462504,-0.9081532183729996,0.0,1.0,0.0,0.0,0.0,1.0,1.0,0.0,0.0,0.0,1.0,1.0,0.0,1.0,0.0,0.0,1.0,0.0,0.0,0.0,1.0,0.0,0.0,0
0.6107814583986646,-0.10554855381690986,0.08475440717715955,-0.2792844182942454,0.26393202908965296,0.0,1.0,0.0,0.0,0.0,1.0,1.0,0.0,1.0,0.0,0.0,0.0,1.0,1.0,0.0,0.0,0.0,1.0,0.0,0.0,0.0,0.0,1.0,1
1.2807013229164876,2.587365900322647,-0.37825578017954686,0.6687522783264963,-0.07094947018539059,1.0,0.0,0.0,0.0,0.0,1.0,0.0,1.0,1.0,0.0,0.0,0.0,1.0,0.0,1.0,0.0,0.0,0.0,1.0,0.0,0.0,0.0,1.0,1
0.8340880799046055,-0.21775332273939138,-0.7486639300649119,-0.4598628366981962,-0.9081532183729996,0.0,1.0,0.0,1.0,0.0,0.0,0.0,1.0,0.0,0.0,1.0,1.0,0.0,1.0,0.0,0.0,1.0,0.0,0.0,0.0,1.0,0.0,0.0,0
1.0573947014105465,-0.6665723984293175,-0.04488844528271824,-2.446225439141655,0.9336950276397403,0.0,1.0,0.0,0.0,0.0,1.0,1.0,0.0,0.0,0.0,1.0,0.0,1.0,0.0,0.0,1.0,0.0,1.0,0.0,0.0,1.0,0.0,0.0,1
-0.5057516491310405,1.0164991354079054,-0.100449667765523,-1.0015980919100487,1.268576526914784,0.0,1.0,0.0,0.0,0.0,1.0,1.0,0.0,0.0,0.0,1.0,1.0,0.0,0.0,1.0,0.0,1.0,0.0,0.0,0.0,0.0,0.0,1.0,1
-0.05913840611915847,-1.3398010119642068,0.34404011209691515,0.7590414875284717,-0.9081532183729996,1.0,0.0,0.0,0.0,1.0,0.0,1.0,0.0,0.0,0.0,1.0,1.0,0.0,1.0,0.0,0.0,1.0,0.0,0.0,0.0,1.0,0.0,0.0,0
-2.2922046211785685,-0.778777167351799,-1.2301945249158865,1.0750537197353855,-0.9081532183729996,0.0,1.0,1.0,0.0,0.0,0.0,1.0,0.0,0.0,0.0,1.0,1.0,0.0,1.0,0.0,0.0,1.0,0.0,0.0,0.0,1.0,0.0,0.0,0
-1.3989781351548045,-0.6665723984293175,-0.15601089024832776,1.9779458117551396,-0.23839021982291236,0.0,1.0,0.0,0.0,1.0,0.0,0.0,1.0,1.0,0.0,0.0,1.0,0.0,0.0,0.0,1.0,1.0,0.0,0.0,0.0,0.0,0.0,1.0,0
0.38747483689272355,-0.10554855381690986,-0.9523884125018628,-0.8661642781070855,-0.40583096946043423,1.0,0.0,0.0,0.0,0.0,1.0,1.0,0.0,1.0,0.0,0.0,1.0,0.0,0.0,1.0,0.0,1.0,0.0,0.0,0.0,1.0,0.0,0.0,0
-1.287324824401834,0.006656215105571668,1.714550266672766,-0.640441255102147,1.6034580261898275,1.0,0.0,0.0,0.0,0.0,1.0,0.0,1.0,0.0,0.0,1.0,0.0,1.0,0.0,1.0,0.0,1.0,0.0,0.0,0.0,0.0,0.0,1.0,1
0.275821526139753,-0.44216286058435444,0.2329176671313056,-0.4147182320972085,-0.6569920939167169,0.0,1.0,0.0,1.0,0.0,0.0,1.0,0.0,1.0,0.0,0.0,1.0,0.0,1.0,0.0,0.0,1.0,0.0,0.0,0.0,0.0,0.0,1.0,1
-1.287324824401834,-0.10554855381690986,1.2330196718217914,0.5333184645235333,0.6825339031834574,0.0,1.0,0.0,0.0,1.0,0.0,1.0,0.0,1.0,0.0,0.0,1.0,0.0,1.0,0.0,0.0,0.0,1.0,0.0,0.0,1.0,0.0,0.0,0
-1.1756715136488636,-1.3398010119642068,-1.9895312321808851,1.1201983243363733,-0.40583096946043423,1.0,0.0,0.0,0.0,1.0,0.0,1.0,0.0,1.0,0.0,0.0,1.0,0.0,0.0,1.0,0.0,1.0,0.0,0.0,0.0,1.0,0.0,0.0,0
-0.7290582706369815,-1.227596243041725,-0.3597353726852786,0.8041860921294595,-0.07094947018539059,0.0,1.0,0.0,1.0,0.0,0.0,1.0,0.0,1.0,0.0,0.0,1.0,0.0,0.0,0.0,1.0,1.0,0.0,0.0,0.0,0.0,0.0,1.0,1
-1.957244688919657,-0.6665723984293175,-0.6190210776050342,0.8944753013314348,-0.9081532183729996,1.0,0.0,0.0,0.0,1.0,0.0,1.0,0.0,1.0,0.0,0.0,1.0,0.0,1.0,0.0,0.0,1.0,0.0,0.0,0.0,1.0,0.0,0.0,0
-1.733938067413716,0.4554752907954978,1.344142116787401,1.4362105565432872,-0.9081532183729996,0.0,1.0,0.0,0.0,1.0,0.0,1.0,0.0,0.0,0.0,1.0,1.0,0.0,1.0,0.0,0.0,1.0,0.0,0.0,0.0,1.0,0.0,0.0,0
-0.17079171687212896,-0.10554855381690986,0.2884788896141104,-0.3244290228952331,-0.5732717190979559,1.0,0.0,0.0,0.0,0.0,1.0,1.0,0.0,0.0,0.0,1.0,1.0,0.0,0.0,1.0,0.0,1.0,0.0,0.0,0.0,1.0,0.0,0.0,0
-0.2824450276250995,-0.38606047612311367,-0.6745823000878389,0.8041860921294595,-0.07094947018539059,0.0,1.0,0.0,0.0,0.0,1.0,1.0,0.0,1.0,0.0,0.0,1.0,0.0,1.0,0.0,0.0,0.0,0.0,1.0,0.0,0.0,0.0,1.0,1
1.615661255175399,0.4554752907954978,-0.17453129774259601,0.0367278139126685,0.5988135283646967,1.0,0.0,1.0,0.0,0.0,0.0,1.0,0.0,1.0,0.0,0.0,1.0,0.0,1.0,0.0,0.0,0.0,0.0,1.0,0.0,1.0,0.0,0.0,0
-1.510631445907775,-0.10554855381690986,-0.6375414850993024,0.8041860921294595,0.7662542780022185,0.0,1.0,0.0,0.0,1.0,0.0,1.0,0.0,0.0,0.0,1.0,1.0,0.0,0.0,1.0,0.0,1.0,0.0,0.0,0.0,1.0,0.0,0.0,0
0.38747483689272355,-1.003186705196762,1.2885808943045962,-0.4598628366981962,2.7755432736524805,0.0,1.0,0.0,0.0,0.0,1.0,1.0,0.0,0.0,1.0,0.0,1.0,0.0,0.0,0.0,1.0,0.0,0.0,0.0,1.0,0.0,1.0,0.0,1
-1.1756715136488636,-0.778777167351799,-0.11897007525979125,-0.053561395289306896,-0.6569920939167169,1.0,0.0,0.0,0.0,1.0,0.0,1.0,0.0,1.0,0.0,0.0,1.0,0.0,0.0,1.0,0.0,0.0,1.0,0.0,0.0,1.0,0.0,0.0,0
-0.39409833837806996,-0.10554855381690986,1.047815596879109,-0.3695736274962208,0.09649127945213118,1.0,0.0,0.0,0.0,0.0,1.0,1.0,0.0,1.0,0.0,0.0,0.0,1.0,0.0,1.0,0.0,1.0,0.0,0.0,0.0,0.0,0.0,1.0,1
0.38747483689272355,0.23106575295053472,1.3071013017988644,0.0818724185136562,-0.9081532183729996,1.0,0.0,0.0,1.0,0.0,0.0,0.0,1.0,0.0,0.0,1.0,1.0,0.0,1.0,0.0,0.0,0.0,0.0,1.0,0.0,1.0,0.0,0.0,1
0.7224347691516351,-0.10554855381690986,1.5108257842358153,0.8493306967304471,-0.9081532183729996,1.0,0.0,0.0,0.0,0.0,1.0,1.0,0.0,0.0,0.0,1.0,1.0,0.0,1.0,0.0,0.0,1.0,0.0,0.0,0.0,1.0,0.0,0.0,1
0.275821526139753,1.128703904330387,0.47368296455679293,-2.8073822759495566,0.09649127945213118,0.0,1.0,0.0,0.0,0.0,1.0,1.0,0.0,1.0,0.0,0.0,0.0,1.0,0.0,1.0,0.0,0.0,1.0,0.0,0.0,0.0,0.0,1.0,1
0.8340880799046055,-0.10554855381690986,0.26995848211984214,-2.4010808345406676,0.09649127945213118,1.0,0.0,0.0,0.0,1.0,0.0,1.0,0.0,1.0,0.0,0.0,1.0,0.0,0.0,1.0,0.0,0.0,1.0,0.0,0.0,0.0,0.0,1.0,1
0.6107814583986646,0.4554752907954978,0.8255707069478898,0.8944753013314348,0.09649127945213118,0.0,1.0,0.0,0.0,0.0,1.0,1.0,0.0,0.0,0.0,1.0,1.0,0.0,0.0,1.0,0.0,0.0,0.0,1.0,0.0,0.0,0.0,1.0,1
0.05251490463381203,0.006656215105571668,1.9367951566039852,-0.8210196735060978,0.09649127945213118,0.0,1.0,0.0,0.0,0.0,1.0,1.0,0.0,1.0,0.0,0.0,0.0,1.0,0.0,1.0,0.0,0.0,1.0,0.0,0.0,0.0,0.0,1.0,1
2.508887741199163,-0.38606047612311367,1.0292951893848405,0.5333184645235333,-0.9081532183729996,0.0,1.0,0.0,0.0,0.0,1.0,1.0,0.0,0.0,0.0,1.0,0.0,1.0,1.0,0.0,0.0,0.0,0.0,0.0,1.0,1.0,0.0,0.0,1
0.275821526139753,-0.10554855381690986,-0.2300925202254008,1.0750537197353855,-0.9081532183729996,1.0,0.0,0.0,1.0,0.0,0.0,1.0,0.0,0.0,0.0,1.0,1.0,0.0,0.0,1.0,0.0,0.0,1.0,0.0,0.0,1.0,0.0,0.0,1
0.6107814583986646,-0.10554855381690986,-0.7857047450534485,-0.8210196735060978,1.1011357772772619,0.0,1.0,0.0,0.0,0.0,1.0,1.0,0.0,0.0,0.0,1.0,0.0,1.0,0.0,1.0,0.0,0.0,0.0,1.0,0.0,0.0,0.0,1.0,1
-1.733938067413716,-0.778777167351799,-0.5449394476279611,-0.4598628366981962,0.09649127945213118,0.0,1.0,0.0,0.0,0.0,1.0,1.0,0.0,1.0,0.0,0.0,1.0,0.0,0.0,1.0,0.0,1.0,0.0,0.0,0.0,0.0,0.0,1.0,1
0.7224347691516351,1.0164991354079054,-0.100449667765523,-0.5952966505011593,-0.07094947018539059,0.0,1.0,0.0,0.0,1.0,0.0,0.0,1.0,1.0,0.0,0.0,0.0,1.0,0.0,1.0,0.0,1.0,0.0,0.0,0.0,1.0,0.0,0.0,0
-1.733938067413716,0.34327052187301627,-0.5264190401336929,0.0818724185136562,-0.9081532183729996,1.0,0.0,0.0,0.0,1.0,0.0,1.0,0.0,1.0,0.0,0.0,1.0,0.0,0.0,1.0,0.0,1.0,0.0,0.0,0.0,1.0,0.0,0.0,0
0.16416821538678253,-0.10554855381690986,0.14031562965996433,-0.3695736274962208,-0.40583096946043423,0.0,1.0,0.0,0.0,1.0,0.0,0.0,1.0,0.0,0.0,1.0,0.0,1.0,0.0,1.0,0.0,0.0,1.0,0.0,0.0,0.0,1.0,0.0,1
0.4991281476456941,0.4554752907954978,-0.5078986326394246,0.6236076737255086,-0.9081532183729996,0.0,1.0,0.0,1.0,0.0,0.0,1.0,0.0,1.0,0.0,0.0,0.0,1.0,1.0,0.0,0.0,1.0,0.0,0.0,0.0,1.0,0.0,0.0,0
-1.510631445907775,-0.3299580916618729,1.0663360043733772,0.578463069124521,-0.9081532183729996,1.0,0.0,0.0,1.0,0.0,0.0,1.0,0.0,1.0,0.0,0.0,1.0,0.0,1.0,0.0,0.0,1.0,0.0,0.0,0.0,1.0,0.0,0.0,0
0.8340880799046055,1.0164991354079054,-0.08192926027125474,0.17216162771563162,0.26393202908965296,1.0,0.0,0.0,0.0,0.0,1.0,1.0,0.0,1.0,0.0,0.0,0.0,1.0,0.0,1.0,0.0,1.0,0.0,0.0,0.0,1.0,0.0,0.0,1
-0.9523648921429225,1.0164991354079054,-0.3226945576967421,-0.1438506044912823,2.1057802751023926,0.0,1.0,0.0,0.0,1.0,0.0,1.0,0.0,1.0,0.0,0.0,1.0,0.0,0.0,1.0,0.0,1.0,0.0,0.0,0.0,1.0,0.0,0.0,1
0.4991281476456941,2.1385468246327206,1.4367441542587422,-0.4598628366981962,1.9383395254648708,0.0,1.0,0.0,0.0,0.0,1.0,1.0,0.0,0.0,0.0,1.0,0.0,1.0,0.0,0.0,1.0,1.0,0.0,0.0,0.0,0.0,0.0,1.0,1
-1.1756715136488636,-1.227596243041725,-0.9523884125018628,1.2104875335383487,-0.9081532183729996,0.0,1.0,0.0,0.0,0.0,1.0,1.0,0.0,0.0,0.0,1.0,1.0,0.0,1.0,0.0,0.0,0.0,1.0,0.0,0.0,1.0,0.0,0.0,1
0.9457413906575761,-0.10554855381690986,1.5108257842358153,-0.8210196735060978,0.5988135283646967,0.0,1.0,0.0,0.0,0.0,1.0,0.0,1.0,0.0,0.0,1.0,0.0,1.0,1.0,0.0,0.0,0.0,0.0,0.0,1.0,0.0,0.0,1.0,1
